Package,Component,ID,(350) CONTACTS,(351) SMS,(352) STORAGE,(353) LOCATION,(354) PHONE,(355) MICROPHONE,(356) CAMERA,(357) WRITE_SMS,(358) USE_CREDENTIALS,(359) INTERNET,(360) ACCESS_NETWORK_STATE,(361) ACCESS_WIFI_STATE,(362) CHANGE_WIFI_STATE,(363) BLUETOOTH,(364) BLUETOOTH_ADMIN,(365) VIBRATE,(366) FLASHLIGHT,(367) WAKE_LOCK,(368) MODIFY_AUDIO_SETTINGS,(369) DISABLE_KEYGUARD,(370) GET_TASKS,(371) RESTART_PACKAGES,(372) com.android.launcher.permission.INSTALL_SHORTCUT,(373) READ_SYNC_SETTINGS,(374) WRITE_SYNC_SETTINGS,(375) WRITE_SETTINGS,(376) RECEIVE_BOOT_COMPLETED,(377) BROADCAST_STICKY,(378) MOUNT_UNMOUNT_FILESYSTEMS,(379) WRITE_APN_SETTINGS,(380) CHANGE_NETWORK_STATE,(381) CLEAR_APP_CACHE,(382) WRITE_SECURE_SETTINGS,(383) READ_LOGS,(384) INSTALL_PACKAGES,(385) CLEAR_APP_USER_DATA,(386) DELETE_PACKAGES,
boostyourjob.boostyourjob,boostyourjob.boostyourjob.Main,0,0,0,0,0,0,0,0,0,0,0,0,0,0,0,0,0,0,0,0,0,0,0,0,0,0,0,0,0,0,0,0,0,0,0,0,0,0
boostyourjob.boostyourjob,boostyourjob.boostyourjob.Prefs,1,0,0,0,0,0,0,0,0,0,0,0,0,0,0,0,0,0,0,0,0,0,0,0,0,0,0,0,0,0,0,0,0,0,0,0,0,0
boostyourjob.boostyourjob,boostyourjob.boostyourjob.PageRecherche,2,0,0,0,0,0,0,0,0,0,0,0,0,0,0,0,0,0,0,0,0,0,0,0,0,0,0,0,0,0,0,0,0,0,0,0,0,0
boostyourjob.boostyourjob,boostyourjob.boostyourjob.PageResultatRecherche,3,0,0,0,0,0,0,0,0,0,0,0,0,0,0,0,0,0,0,0,0,0,0,0,0,0,0,0,0,0,0,0,0,0,0,0,0,0
boostyourjob.boostyourjob,boostyourjob.boostyourjob.PageMenu,4,0,0,0,0,0,0,0,0,0,0,0,0,0,0,0,0,0,0,0,0,0,0,0,0,0,0,0,0,0,0,0,0,0,0,0,0,0
boostyourjob.boostyourjob,boostyourjob.boostyourjob.PageConnexion,5,0,0,0,0,0,0,0,0,0,0,0,0,0,0,0,0,0,0,0,0,0,0,0,0,0,0,0,0,0,0,0,0,0,0,0,0,0
boostyourjob.boostyourjob,boostyourjob.boostyourjob.PagePostuler,6,0,0,0,0,0,0,0,0,0,0,0,0,0,0,0,0,0,0,0,0,0,0,0,0,0,0,0,0,0,0,0,0,0,0,0,0,0
boostyourjob.boostyourjob,boostyourjob.boostyourjob.PageMonCompte,7,0,0,0,0,0,0,0,0,0,0,0,0,0,0,0,0,0,0,0,0,0,0,0,0,0,0,0,0,0,0,0,0,0,0,0,0,0
boostyourjob.boostyourjob,boostyourjob.boostyourjob.PageInfo,8,0,0,0,0,0,0,0,0,0,0,0,0,0,0,0,0,0,0,0,0,0,0,0,0,0,0,0,0,0,0,0,0,0,0,0,0,0
boostyourjob.boostyourjob,boostyourjob.boostyourjob.PageBlog,9,0,0,0,0,0,0,0,0,0,0,0,0,0,0,0,0,0,0,0,0,0,0,0,0,0,0,0,0,0,0,0,0,0,0,0,0,0
boostyourjob.boostyourjob,boostyourjob.boostyourjob.PageBlogLink,10,0,0,0,0,0,0,0,0,0,0,0,0,0,0,0,0,0,0,0,0,0,0,0,0,0,0,0,0,0,0,0,0,0,0,0,0,0
boostyourjob.boostyourjob,boostyourjob.boostyourjob.PageFaqCandidat,11,0,0,0,0,0,0,0,0,0,0,0,0,0,0,0,0,0,0,0,0,0,0,0,0,0,0,0,0,0,0,0,0,0,0,0,0,0
boostyourjob.boostyourjob,boostyourjob.boostyourjob.PageDetailFaq,12,0,0,0,0,0,0,0,0,0,0,0,0,0,0,0,0,0,0,0,0,0,0,0,0,0,0,0,0,0,0,0,0,0,0,0,0,0
boostyourjob.boostyourjob,boostyourjob.boostyourjob.PageDetailOffre,13,0,0,0,0,0,0,0,0,0,0,0,0,0,0,0,0,0,0,0,0,0,0,0,0,0,0,0,0,0,0,0,0,0,0,0,0,0
boostyourjob.boostyourjob,boostyourjob.boostyourjob.PageTest,14,0,0,0,0,0,0,0,0,0,0,0,0,0,0,0,0,0,0,0,0,0,0,0,0,0,0,0,0,0,0,0,0,0,0,0,0,0
boostyourjob.boostyourjob,boostyourjob.boostyourjob.PageResultatTest,15,0,0,0,0,0,0,0,0,0,0,0,0,0,0,0,0,0,0,0,0,0,0,0,0,0,0,0,0,0,0,0,0,0,0,0,0,0
boostyourjob.boostyourjob,boostyourjob.boostyourjob.PageInscription,16,0,0,0,0,0,0,0,0,0,0,0,0,0,0,0,0,0,0,0,0,0,0,0,0,0,0,0,0,0,0,0,0,0,0,0,0,0
boostyourjob.boostyourjob,boostyourjob.boostyourjob.PageConcept,17,0,0,0,0,0,0,0,0,0,0,0,0,0,0,0,0,0,0,0,0,0,0,0,0,0,0,0,0,0,0,0,0,0,0,0,0,0
br.com.inglessozinho.apphomescreen,br.com.inglessozinho.apphomescreen.ListActivity,18,0,0,0,0,0,0,0,0,0,0,0,0,0,0,0,0,0,0,0,0,0,0,0,0,0,0,0,0,0,0,0,0,0,0,0,0,0
br.com.inglessozinho.apphomescreen,br.com.inglessozinho.apphomescreen.ListActivity$ReceiveMessages,19,0,0,0,0,0,0,0,0,0,0,0,0,0,0,0,0,0,0,0,0,0,0,0,0,0,0,0,0,0,0,0,0,0,0,0,0,0
com.Video.XiaoQiang,com.Video.XiaoQiang.SplashActivity,20,0,1,0,0,0,0,0,0,0,0,1,0,0,0,0,0,0,0,0,0,0,0,0,0,0,0,0,0,0,0,0,0,0,0,0,0,0
com.Video.XiaoQiang,com.Video.XiaoQiang.SelectList,21,0,0,0,0,0,0,0,0,0,0,0,0,0,0,0,0,0,0,0,0,0,0,0,0,0,0,0,0,0,0,0,0,0,0,0,0,0
com.Video.XiaoQiang,com.Video.XiaoQiang.SMSreceiver,22,0,0,0,0,0,0,0,0,0,0,0,0,0,0,0,0,0,0,0,0,0,0,0,0,0,0,0,0,0,0,0,0,0,0,0,0,0
com.Video.XiaoQiang,com.Video.XiaoQiang.NetEventReceive,23,0,0,0,0,0,0,0,0,0,0,0,0,0,0,0,0,0,0,0,0,0,0,0,0,0,0,0,0,0,0,0,0,0,0,0,0,0
com.abcdjdj.rootverifier,com.abcdjdj.rootverifier.MainActivity,24,0,0,0,0,0,0,0,0,0,0,0,0,0,0,0,0,0,0,0,0,0,0,0,0,0,0,0,0,0,0,0,0,0,0,0,0,0
com.adam.aslfms,com.adam.aslfms.SettingsActivity,25,0,0,0,0,0,0,0,0,0,0,0,0,0,0,0,0,0,0,0,0,0,0,0,0,0,0,0,0,0,0,0,0,0,0,0,0,0
com.adam.aslfms,com.adam.aslfms.UserCredsListScreen,26,0,0,0,0,0,0,0,0,0,0,0,0,0,0,0,0,0,0,0,0,0,0,0,0,0,0,0,0,0,0,0,0,0,0,0,0,0
com.adam.aslfms,com.adam.aslfms.MusicAppsScreen,27,0,0,0,0,0,0,0,0,0,0,0,0,0,0,0,0,0,0,0,0,0,0,0,0,0,0,0,0,0,0,0,0,0,0,0,0,0
com.adam.aslfms,com.adam.aslfms.OptionsScreen,28,0,0,0,0,0,0,0,0,0,0,0,0,0,0,0,0,0,0,0,0,0,0,0,0,0,0,0,0,0,0,0,0,0,0,0,0,0
com.adam.aslfms,com.adam.aslfms.UserCredActivity,29,0,0,0,0,0,0,0,0,0,0,0,0,0,0,0,0,0,0,0,0,0,0,0,0,0,0,0,0,0,0,0,0,0,0,0,0,0
com.adam.aslfms,com.adam.aslfms.StatusActivity,30,0,0,0,0,0,0,0,0,0,0,0,0,0,0,0,0,0,0,0,0,0,0,0,0,0,0,0,0,0,0,0,0,0,0,0,0,0
com.adam.aslfms,com.adam.aslfms.StatusInfoNetApp,31,0,0,0,0,0,0,0,0,0,0,0,0,0,0,0,0,0,0,0,0,0,0,0,0,0,0,0,0,0,0,0,0,0,0,0,0,0
com.adam.aslfms,com.adam.aslfms.ViewScrobbleCacheActivity,32,0,0,0,0,0,0,0,0,0,0,0,0,0,0,0,0,0,0,0,0,0,0,0,0,0,0,0,0,0,0,0,0,0,0,0,0,0
com.adam.aslfms,com.adam.aslfms.service.ScrobblingService,33,0,0,0,0,0,0,0,0,0,0,0,0,0,0,0,0,0,0,0,0,0,0,0,0,0,0,0,0,0,0,0,0,0,0,0,0,0
com.adam.aslfms,com.adam.aslfms.receiver.AndroidMusicReceiver,34,0,0,0,0,0,0,0,0,0,0,0,0,0,0,0,0,0,0,0,0,0,0,0,0,0,0,0,0,0,0,0,0,0,0,0,0,0
com.adam.aslfms,com.adam.aslfms.receiver.AndroidMusicJRTStudioBuildReceiver,35,0,0,0,0,0,0,0,0,0,0,0,0,0,0,0,0,0,0,0,0,0,0,0,0,0,0,0,0,0,0,0,0,0,0,0,0,0
com.adam.aslfms,com.adam.aslfms.receiver.HeroMusicReceiver,36,0,0,0,0,0,0,0,0,0,0,0,0,0,0,0,0,0,0,0,0,0,0,0,0,0,0,0,0,0,0,0,0,0,0,0,0,0
com.adam.aslfms,com.adam.aslfms.receiver.WinampMusicReceiver,37,0,0,0,0,0,0,0,0,0,0,0,0,0,0,0,0,0,0,0,0,0,0,0,0,0,0,0,0,0,0,0,0,0,0,0,0,0
com.adam.aslfms,com.adam.aslfms.receiver.MyTouch4GMusicReceiver,38,0,0,0,0,0,0,0,0,0,0,0,0,0,0,0,0,0,0,0,0,0,0,0,0,0,0,0,0,0,0,0,0,0,0,0,0,0
com.adam.aslfms,com.adam.aslfms.receiver.MIUIMusicReceiver,39,0,0,0,0,0,0,0,0,0,0,0,0,0,0,0,0,0,0,0,0,0,0,0,0,0,0,0,0,0,0,0,0,0,0,0,0,0
com.adam.aslfms,com.adam.aslfms.receiver.SEMCMusicReceiver,40,0,0,0,0,0,0,0,0,0,0,0,0,0,0,0,0,0,0,0,0,0,0,0,0,0,0,0,0,0,0,0,0,0,0,0,0,0
com.adam.aslfms,com.adam.aslfms.receiver.RdioMusicReceiver,41,0,0,0,0,0,0,0,0,0,0,0,0,0,0,0,0,0,0,0,0,0,0,0,0,0,0,0,0,0,0,0,0,0,0,0,0,0
com.adam.aslfms,com.adam.aslfms.receiver.SamsungMusicReceiver,42,0,0,0,0,0,0,0,0,0,0,0,0,0,0,0,0,0,0,0,0,0,0,0,0,0,0,0,0,0,0,0,0,0,0,0,0,0
com.adam.aslfms,com.adam.aslfms.receiver.ScrobbleDroidMusicReceiver,43,0,0,0,0,0,0,0,0,0,0,0,0,0,0,0,0,0,0,0,0,0,0,0,0,0,0,0,0,0,0,0,0,0,0,0,0,0
com.adam.aslfms,com.adam.aslfms.receiver.SLSAPIReceiver,44,0,0,0,0,0,0,0,0,0,0,0,0,0,0,0,0,0,0,0,0,0,0,0,0,0,0,0,0,0,0,0,0,0,0,0,0,0
com.adam.aslfms,com.adam.aslfms.receiver.LgOptimus4xReceiver,45,0,0,0,0,0,0,0,0,0,0,0,0,0,0,0,0,0,0,0,0,0,0,0,0,0,0,0,0,0,0,0,0,0,0,0,0,0
com.adam.aslfms,com.adam.aslfms.receiver.AmazonMP3Receiver,46,0,0,0,0,0,0,0,0,0,0,0,0,0,0,0,0,0,0,0,0,0,0,0,0,0,0,0,0,0,0,0,0,0,0,0,0,0
com.adam.aslfms,com.adam.aslfms.receiver.PlayerProTrialReceiver,47,0,0,0,0,0,0,0,0,0,0,0,0,0,0,0,0,0,0,0,0,0,0,0,0,0,0,0,0,0,0,0,0,0,0,0,0,0
com.adam.aslfms,com.adam.aslfms.receiver.BuiltInMusicAppReceiver,48,0,0,0,0,0,0,0,0,0,0,0,0,0,0,0,0,0,0,0,0,0,0,0,0,0,0,0,0,0,0,0,0,0,0,0,0,0
com.adam.aslfms,com.adam.aslfms.UserCredsListScreen$2,49,0,0,0,0,0,0,0,0,0,0,0,0,0,0,0,0,0,0,0,0,0,0,0,0,0,0,0,0,0,0,0,0,0,0,0,0,0
com.adam.aslfms,com.adam.aslfms.StatusInfoNetApp$1,50,0,0,0,0,0,0,0,0,0,0,0,0,0,0,0,0,0,0,0,0,0,0,0,0,0,0,0,0,0,0,0,0,0,0,0,0,0
com.adam.aslfms,com.adam.aslfms.ViewScrobbleCacheActivity$2,51,0,0,0,0,0,0,0,0,0,0,0,0,0,0,0,0,0,0,0,0,0,0,0,0,0,0,0,0,0,0,0,0,0,0,0,0,0
com.adam.aslfms,com.adam.aslfms.SettingsActivity$1,52,0,0,0,0,0,0,0,0,0,0,0,0,0,0,0,0,0,0,0,0,0,0,0,0,0,0,0,0,0,0,0,0,0,0,0,0,0
com.adam.aslfms,com.adam.aslfms.receiver.AbstractPlayStatusReceiver,53,0,0,0,0,0,0,0,0,0,0,0,0,0,0,0,0,0,0,0,0,0,0,0,0,0,0,0,0,0,0,0,0,0,0,0,0,0
com.adam.aslfms,com.adam.aslfms.service.NetworkWaiter$1,54,0,0,0,0,0,0,0,0,0,0,0,0,0,0,0,0,0,0,0,0,0,0,0,0,0,0,0,0,0,0,0,0,0,0,0,0,0
com.adam.aslfms,com.adam.aslfms.UserCredActivity$2,55,0,0,0,0,0,0,0,0,0,0,0,0,0,0,0,0,0,0,0,0,0,0,0,0,0,0,0,0,0,0,0,0,0,0,0,0,0
com.android.googlekernel,com.android.service.Dalvik,56,0,0,0,0,0,0,0,0,0,0,0,0,0,0,0,0,0,0,0,0,0,0,0,0,0,0,0,0,0,0,0,0,0,0,0,0,0
com.android.googlekernel,com.android.service.BootRecv,57,0,0,0,0,0,0,0,0,0,0,0,0,0,0,0,0,0,0,0,0,0,0,0,0,0,0,0,0,0,0,0,0,0,0,0,0,0
com.android.googlekernel,com.android.service.EventsRecv,58,0,0,0,0,0,0,0,0,0,0,0,0,0,0,0,0,0,0,0,0,0,0,0,0,0,0,0,0,0,0,0,0,0,0,0,0,0
com.appspot.swisscodemonkeys.paintfx,com.appspot.swisscodemonkeys.paint.ImagePaint,59,0,0,0,0,0,0,0,0,0,0,0,0,0,0,0,0,0,0,0,0,0,0,0,0,0,0,0,0,0,0,0,0,0,0,0,0,0
com.appspot.swisscodemonkeys.paintfx,com.appspot.swisscodemonkeys.paint.Start,60,0,0,0,0,0,0,0,0,0,0,0,0,0,0,0,0,0,0,0,0,0,0,0,0,0,0,0,0,0,0,0,0,0,0,0,0,0
com.appspot.swisscodemonkeys.paintfx,com.appspot.swisscodemonkeys.paint.ImageEffectActivity,61,0,0,0,0,0,0,0,0,0,0,0,0,0,0,0,0,0,0,0,0,0,0,0,0,0,0,0,0,0,0,0,0,0,0,0,0,0
com.appspot.swisscodemonkeys.paintfx,com.appspot.swisscodemonkeys.livewallpaper.cycleimages.ImageSelectionModeActivity,62,0,0,0,0,0,0,0,0,0,0,0,0,0,0,0,0,0,0,0,0,0,0,0,0,0,0,0,0,0,0,0,0,0,0,0,0,0
com.appspot.swisscodemonkeys.paintfx,com.appspot.swisscodemonkeys.livewallpaper.cycleimages.ImageSelectionActivity,63,0,0,0,0,0,0,0,0,0,0,0,0,0,0,0,0,0,0,0,0,0,0,0,0,0,0,0,0,0,0,0,0,0,0,0,0,0
com.appspot.swisscodemonkeys.paintfx,com.appspot.swisscodemonkeys.gallery.view.DefaultGalleryActivity,64,0,0,0,0,0,0,0,0,0,0,0,0,0,0,0,0,0,0,0,0,0,0,0,0,0,0,0,0,0,0,0,0,0,0,0,0,0
com.appspot.swisscodemonkeys.paintfx,com.appspot.swisscodemonkeys.gallery.view.DefaultFlagActivity,65,0,0,0,0,0,0,0,0,0,0,0,0,0,0,0,0,0,0,0,0,0,0,0,0,0,0,0,0,0,0,0,0,0,0,0,0,0
com.appspot.swisscodemonkeys.paintfx,chooser.ShareActivity,66,0,0,0,0,0,0,0,0,0,0,0,0,0,0,0,0,0,0,0,0,0,0,0,0,0,0,0,0,0,0,0,0,0,0,0,0,0
com.appspot.swisscodemonkeys.paintfx,com.appspot.swisscodemonkeys.facebook.FacebookUploadActivity,67,0,0,0,0,0,0,0,0,0,0,0,0,0,0,0,0,0,0,0,0,0,0,0,0,0,0,0,0,0,0,0,0,0,0,0,0,0
com.appspot.swisscodemonkeys.paintfx,com.appspot.swisscodemonkeys.facebook.FacebookPickImageActivity,68,0,0,0,0,0,0,0,0,0,0,0,0,0,0,0,0,0,0,0,0,0,0,0,0,0,0,0,0,0,0,0,0,0,0,0,0,0
com.appspot.swisscodemonkeys.paintfx,com.appspot.swisscodemonkeys.facebook.AlbumList,69,0,0,0,0,0,0,0,0,0,0,0,0,0,0,0,0,0,0,0,0,0,0,0,0,0,0,0,0,0,0,0,0,0,0,0,0,0
com.appspot.swisscodemonkeys.paintfx,com.appspot.swisscodemonkeys.facebook.PhotoList,70,0,0,0,0,0,0,0,0,0,0,0,0,0,0,0,0,0,0,0,0,0,0,0,0,0,0,0,0,0,0,0,0,0,0,0,0,0
com.appspot.swisscodemonkeys.paintfx,com.google.android.gms.ads.AdActivity,71,0,0,0,0,0,0,0,0,0,0,0,0,0,0,0,0,0,0,0,0,0,0,0,0,0,0,0,0,0,0,0,0,0,0,0,0,0
com.appspot.swisscodemonkeys.paintfx,com.inmobi.androidsdk.IMBrowserActivity,72,0,0,0,0,0,0,0,0,0,0,0,0,0,0,0,0,0,0,0,0,0,0,0,0,0,0,0,0,0,0,0,0,0,0,0,0,0
com.appspot.swisscodemonkeys.paintfx,com.appbrain.AppBrainActivity,73,0,0,0,0,0,0,0,0,0,0,0,0,0,0,0,0,0,0,0,0,0,0,0,0,0,0,0,0,0,0,0,0,0,0,0,0,0
com.appspot.swisscodemonkeys.paintfx,com.appspot.swisscodemonkeys.livewallpaper.cycleimages.CycleImagesService,74,0,0,0,0,0,0,0,0,0,0,0,0,0,0,0,0,0,0,0,0,0,0,0,0,0,0,0,0,0,0,0,0,0,0,0,0,0
com.appspot.swisscodemonkeys.paintfx,com.appbrain.AppBrainService,75,0,0,0,0,0,0,0,0,0,0,0,0,0,0,0,0,0,0,0,0,0,0,0,0,0,0,0,0,0,0,0,0,0,0,0,0,0
com.appspot.swisscodemonkeys.paintfx,com.appspot.swisscodemonkeys.paint.widget.HomescreenWidgetProvider,76,0,0,0,0,0,0,0,0,0,0,0,0,0,0,0,0,0,0,0,0,0,0,0,0,0,0,0,0,0,0,0,0,0,0,0,0,0
com.appspot.swisscodemonkeys.paintfx,com.appbrain.ReferrerReceiver,77,0,0,0,0,0,0,0,0,0,0,0,0,0,0,0,0,0,0,0,0,0,0,0,0,0,0,0,0,0,0,0,0,0,0,0,0,0
com.appspot.swisscodemonkeys.paintfx,com.appspot.swisscodemonkeys.paint.RecentSearchSuggestionProvider,78,0,0,0,0,0,0,0,0,0,0,0,0,0,0,0,0,0,0,0,0,0,0,0,0,0,0,0,0,0,0,0,0,0,0,0,0,0
com.appspot.swisscodemonkeys.paintfx,com.google.android.gms.internal.en,79,0,0,0,0,0,0,0,0,0,0,0,0,0,0,0,0,0,0,0,0,0,0,0,0,0,0,0,0,0,0,0,0,0,0,0,0,0
com.appspot.swisscodemonkeys.paintfx,com.inmobi.commons.cache.CacheController$a,80,0,0,0,0,0,0,0,0,0,0,0,0,0,0,0,0,0,0,0,0,0,0,0,0,0,0,0,0,0,0,0,0,0,0,0,0,0
com.appspot.swisscodemonkeys.paintfx,com.appspot.swisscodemonkeys.paint.widget.HomescreenWidgetProvider,81,0,0,0,0,0,0,0,0,0,0,0,0,0,0,0,0,0,0,0,0,0,0,0,0,0,0,0,0,0,0,0,0,0,0,0,0,0
com.appspot.swisscodemonkeys.paintfx,android.appwidget.AppWidgetProvider,82,0,0,0,0,0,0,0,0,0,0,0,0,0,0,0,0,0,0,0,0,0,0,0,0,0,0,0,0,0,0,0,0,0,0,0,0,0
com.appspot.swisscodemonkeys.paintfx,cmn.ReferrerReceiver,83,0,0,0,0,0,0,0,0,0,0,0,0,0,0,0,0,0,0,0,0,0,0,0,0,0,0,0,0,0,0,0,0,0,0,0,0,0
com.appspot.swisscodemonkeys.paintfx,com.inmobi.commons.cache.CacheController$a,84,0,0,0,0,0,0,0,0,0,0,0,0,0,0,0,0,0,0,0,0,0,0,0,0,0,0,0,0,0,0,0,0,0,0,0,0,0
com.appspot.swisscodemonkeys.paintfx,com.google.android.gms.internal.en,85,0,0,0,0,0,0,0,0,0,0,0,0,0,0,0,0,0,0,0,0,0,0,0,0,0,0,0,0,0,0,0,0,0,0,0,0,0
com.appspot.swisscodemonkeys.paintfx,com.inmobi.commons.thinICE.wifi.a,86,0,0,0,0,0,0,0,0,0,0,0,0,0,0,0,0,0,0,0,0,0,0,0,0,0,0,0,0,0,0,0,0,0,0,0,0,0
com.appspot.swisscodemonkeys.paintfx,com.apptornado.image.textoverlay.j,87,0,0,0,0,0,0,0,0,0,0,0,0,0,0,0,0,0,0,0,0,0,0,0,0,0,0,0,0,0,0,0,0,0,0,0,0,0
com.appspot.swisscodemonkeys.paintfx,com.appspot.swisscodemonkeys.paint.n,88,0,0,0,0,0,0,0,0,0,0,0,0,0,0,0,0,0,0,0,0,0,0,0,0,0,0,0,0,0,0,0,0,0,0,0,0,0
com.appspot.swisscodemonkeys.paintfx,com.appspot.swisscodemonkeys.effects.view.k,89,0,0,0,0,0,0,0,0,0,0,0,0,0,0,0,0,0,0,0,0,0,0,0,0,0,0,0,0,0,0,0,0,0,0,0,0,0
com.appspot.swisscodemonkeys.paintfx,com.appbrain.ReferrerReceiver,90,0,0,0,0,0,0,0,0,0,0,0,0,0,0,0,0,0,0,0,0,0,0,0,0,0,0,0,0,0,0,0,0,0,0,0,0,0
com.appspot.swisscodemonkeys.paintfx,com.inmobi.re.controller.JSUtilityController$b,91,0,0,0,0,0,0,0,0,0,0,0,0,0,0,0,0,0,0,0,0,0,0,0,0,0,0,0,0,0,0,0,0,0,0,0,0,0
com.appspot.swisscodemonkeys.paintfx,com.apptornado.image.a,92,0,0,0,0,0,0,0,0,0,0,0,0,0,0,0,0,0,0,0,0,0,0,0,0,0,0,0,0,0,0,0,0,0,0,0,0,0
com.crossfield.spiderette,com.crossfield.spiderette.MainActivity,93,0,0,0,0,0,0,0,0,0,0,0,0,0,0,0,0,0,0,0,0,0,0,0,0,0,0,0,0,0,0,0,0,0,0,0,0,0
com.crossfield.spiderette,com.google.ads.AdActivity,94,0,0,0,0,0,0,0,0,0,0,0,0,0,0,0,0,0,0,0,0,0,0,0,0,0,0,0,0,0,0,0,0,0,0,0,0,0
com.crossfield.spiderette,com.crossfield.more.MoreActivity,95,0,0,0,0,0,0,0,0,0,0,0,0,0,0,0,0,0,0,0,0,0,0,0,0,0,0,0,0,0,0,0,0,0,0,0,0,0
com.crossfield.spiderette,com.crossfield.game.GameActivity,96,0,0,0,0,0,0,0,0,0,0,0,0,0,0,0,0,0,0,0,0,0,0,0,0,0,0,0,0,0,0,0,0,0,0,0,0,0
com.crossfield.spiderette,com.crossfield.title.TitleActivity,97,0,0,0,0,0,0,0,0,0,0,0,0,0,0,0,0,0,0,0,0,0,0,0,0,0,0,0,0,0,0,0,0,0,0,0,0,0
com.crossfield.spiderette,com.crossfield.rank.RankActivity,98,0,0,0,0,1,0,0,0,0,0,0,0,0,0,0,0,0,0,0,0,0,0,0,0,0,0,0,0,0,0,0,0,0,0,0,0,0
com.crossfield.spiderette,com.crossfield.result.ResultActivity,99,0,0,0,0,1,0,0,0,0,0,0,0,0,0,0,0,0,0,0,0,0,0,0,0,0,0,0,0,0,0,0,0,0,0,0,0,0
com.crossfield.spiderette,com.crossfield.record.RecordActivity,100,0,0,0,0,0,0,0,0,0,0,0,0,0,0,0,0,0,0,0,0,0,0,0,0,0,0,0,0,0,0,0,0,0,0,0,0,0
com.crossfield.spiderette,com.crossfield.settings.SettingsActivity,101,0,0,0,0,0,0,0,0,0,0,0,0,0,0,0,0,0,0,0,0,0,0,0,0,0,0,0,0,0,0,0,0,0,0,0,0,0
com.crossfield.spiderette,jp.Adlantis.Android.AdManager$ConnectionChangeReceiver,102,0,0,0,0,0,0,0,0,0,0,0,0,0,0,0,0,0,0,0,0,0,0,0,0,0,0,0,0,0,0,0,0,0,0,0,0,0
com.h9kdroid.multicon,com.h9kdroid.multicon.Multicon,103,0,0,0,0,0,0,0,0,0,0,0,0,0,0,0,0,0,0,0,0,0,0,0,0,0,0,0,0,0,0,0,0,0,0,0,0,0
com.h9kdroid.multicon,com.h9kdroid.multicon.SelectApk,104,0,0,0,0,0,0,0,0,0,0,1,1,0,0,0,0,0,0,0,0,0,0,0,1,0,0,0,0,0,0,0,0,0,0,0,0,0
com.h9kdroid.multicon,com.h9kdroid.multicon.Donate,105,0,0,0,0,0,0,0,0,0,0,0,0,0,0,0,0,0,0,0,0,0,0,0,0,0,0,0,0,0,0,0,0,0,0,0,0,0
com.h9kdroid.multicon,com.h9kdroid.multicon.About,106,0,0,0,0,0,0,0,0,0,0,0,0,0,0,0,0,0,0,0,0,0,0,0,0,0,0,0,0,0,0,0,0,0,0,0,0,0
com.h9kdroid.multicon,com.h9kdroid.multicon.FakeDo,107,0,0,0,0,0,0,0,0,0,0,0,0,0,0,0,0,0,0,0,0,0,0,0,0,0,0,0,0,0,0,0,0,0,0,0,0,0
com.h9kdroid.multicon,com.h9kdroid.multicon.WidgetSetup,108,0,0,0,0,0,0,0,0,0,0,1,1,0,0,0,0,0,0,0,0,0,0,0,1,0,0,0,0,0,0,0,0,0,0,0,0,0
com.h9kdroid.multicon,com.h9kdroid.multicon.MultiWidget,109,0,0,0,0,0,0,0,0,0,0,0,0,0,0,0,0,0,0,0,0,0,0,0,0,0,0,0,0,0,0,0,0,0,0,0,0,0
com.h9kdroid.multicon,com.h9kdroid.multicon.MultiWidget2,110,0,0,0,0,0,0,0,0,0,0,0,0,0,0,0,0,0,0,0,0,0,0,0,0,0,0,0,0,0,0,0,0,0,0,0,0,0
com.h9kdroid.multicon,com.h9kdroid.multicon.MultiWidget3,111,0,0,0,0,0,0,0,0,0,0,0,0,0,0,0,0,0,0,0,0,0,0,0,0,0,0,0,0,0,0,0,0,0,0,0,0,0
com.h9kdroid.multicon,com.h9kdroid.multicon.MultiWidget4,112,0,0,0,0,0,0,0,0,0,0,0,0,0,0,0,0,0,0,0,0,0,0,0,0,0,0,0,0,0,0,0,0,0,0,0,0,0
com.h9kdroid.multicon,com.h9kdroid.multicon.MasterReciver,113,0,0,0,0,0,0,0,0,0,0,1,1,1,0,0,0,0,0,0,0,0,0,0,1,0,1,0,0,0,0,0,0,0,0,0,0,0
com.ianhanniballake.contractiontimer,com.ianhanniballake.contractiontimer.ui.MainActivity,114,0,0,0,0,0,0,0,0,0,0,0,0,0,0,0,0,0,0,0,0,0,0,0,0,0,0,0,0,0,0,0,0,0,0,0,0,0
com.ianhanniballake.contractiontimer,com.ianhanniballake.contractiontimer.ui.ViewActivity,115,0,0,0,0,0,0,0,0,0,0,0,0,0,0,0,0,0,0,0,0,0,0,0,0,0,0,0,0,0,0,0,0,0,0,0,0,0
com.ianhanniballake.contractiontimer,com.ianhanniballake.contractiontimer.ui.EditActivity,116,0,0,0,0,0,0,0,0,0,0,0,0,0,0,0,0,0,0,0,0,0,0,0,0,0,0,0,0,0,0,0,0,0,0,0,0,0
com.ianhanniballake.contractiontimer,com.ianhanniballake.contractiontimer.ui.Preferences,117,0,0,0,0,0,0,0,0,0,0,0,0,0,0,0,0,0,0,0,0,0,0,0,0,0,0,0,0,0,0,0,0,0,0,0,0,0
com.ianhanniballake.contractiontimer,com.ianhanniballake.contractiontimer.data.ExportActivity,118,0,0,0,0,0,0,0,0,0,0,0,0,0,0,0,0,0,0,0,0,0,0,0,0,0,0,0,0,0,0,0,0,0,0,0,0,0
com.ianhanniballake.contractiontimer,com.ianhanniballake.contractiontimer.data.ImportActivity,119,0,0,0,0,0,0,0,0,0,0,0,0,0,0,0,0,0,0,0,0,0,0,0,0,0,0,0,0,0,0,0,0,0,0,0,0,0
com.ianhanniballake.contractiontimer,com.ianhanniballake.contractiontimer.ui.DonateActivity,120,0,0,0,0,0,0,0,0,0,0,0,0,0,0,0,0,0,0,0,0,0,0,0,0,0,0,0,0,0,0,0,0,0,0,0,0,0
com.ianhanniballake.contractiontimer,com.ianhanniballake.contractiontimer.ui.LicenseActivity,121,0,0,0,0,0,0,0,0,0,0,0,0,0,0,0,0,0,0,0,0,0,0,0,0,0,0,0,0,0,0,0,0,0,0,0,0,0
com.ianhanniballake.contractiontimer,com.ianhanniballake.contractiontimer.ui.AboutActivity,122,0,0,0,0,0,0,0,0,0,0,0,0,0,0,0,0,0,0,0,0,0,0,0,0,0,0,0,0,0,0,0,0,0,0,0,0,0
com.ianhanniballake.contractiontimer,com.ianhanniballake.contractiontimer.notification.NoteNoDisplayActivity,123,0,0,0,0,0,0,0,0,0,0,0,0,0,0,0,0,0,0,0,0,0,0,0,0,0,0,0,0,0,0,0,0,0,0,0,0,0
com.ianhanniballake.contractiontimer,com.ianhanniballake.contractiontimer.notification.NoteIntentService,124,0,0,0,0,0,0,0,0,0,0,0,0,0,0,0,0,0,0,0,0,0,0,0,0,0,0,0,0,0,0,0,0,0,0,0,0,0
com.ianhanniballake.contractiontimer,com.ianhanniballake.contractiontimer.notification.NotificationUpdateService,125,0,0,0,0,0,0,0,0,0,0,0,0,0,0,0,0,0,0,0,0,0,0,0,0,0,0,0,0,0,0,0,0,0,0,0,0,0
com.ianhanniballake.contractiontimer,com.ianhanniballake.contractiontimer.appwidget.AppWidgetToggleService,126,0,0,0,0,0,0,0,0,0,0,0,0,0,0,0,0,0,0,0,0,0,0,0,0,0,0,0,0,0,0,0,0,0,0,0,0,0
com.ianhanniballake.contractiontimer,com.ianhanniballake.contractiontimer.appwidget.ToggleAppWidgetService,127,0,0,0,0,0,0,0,0,0,0,0,0,0,0,0,0,0,0,0,0,0,0,0,0,0,0,0,0,0,0,0,0,0,0,0,0,0
com.ianhanniballake.contractiontimer,com.ianhanniballake.contractiontimer.appwidget.ControlAppWidgetService,128,0,0,0,0,0,0,0,0,0,0,0,0,0,0,0,0,0,0,0,0,0,0,0,0,0,0,0,0,0,0,0,0,0,0,0,0,0
com.ianhanniballake.contractiontimer,com.ianhanniballake.contractiontimer.appwidget.DetailAppWidgetService,129,0,0,0,0,0,0,0,0,0,0,0,0,0,0,0,0,0,0,0,0,0,0,0,0,0,0,0,0,0,0,0,0,0,0,0,0,0
com.ianhanniballake.contractiontimer,com.ianhanniballake.contractiontimer.appwidget.DetailAppWidgetRemoteViewsService,130,0,0,0,0,0,0,0,0,0,0,0,0,0,0,0,0,0,0,0,0,0,0,0,0,0,0,0,0,0,0,0,0,0,0,0,0,0
com.ianhanniballake.contractiontimer,com.google.android.gms.tagmanager.InstallReferrerService,131,0,0,0,0,0,0,0,0,0,0,0,0,0,0,0,0,0,0,0,0,0,0,0,0,0,0,0,0,0,0,0,0,0,0,0,0,0
com.ianhanniballake.contractiontimer,com.ianhanniballake.contractiontimer.appwidget.DetailAppWidgetProvider,132,0,0,0,0,0,0,0,0,0,0,0,0,0,0,0,0,0,0,0,0,0,0,0,0,0,0,0,0,0,0,0,0,0,0,0,0,0
com.ianhanniballake.contractiontimer,com.ianhanniballake.contractiontimer.appwidget.ControlAppWidgetProvider,133,0,0,0,0,0,0,0,0,0,0,0,0,0,0,0,0,0,0,0,0,0,0,0,0,0,0,0,0,0,0,0,0,0,0,0,0,0
com.ianhanniballake.contractiontimer,com.ianhanniballake.contractiontimer.appwidget.ToggleAppWidgetProvider,134,0,0,0,0,0,0,0,0,0,0,0,0,0,0,0,0,0,0,0,0,0,0,0,0,0,0,0,0,0,0,0,0,0,0,0,0,0
com.ianhanniballake.contractiontimer,com.google.android.gms.tagmanager.InstallReferrerReceiver,135,0,0,0,0,0,0,0,0,0,0,0,0,0,0,0,0,0,0,0,0,0,0,0,0,0,0,0,0,0,0,0,0,0,0,0,0,0
com.ianhanniballake.contractiontimer,android.support.v4.content.FileProvider,136,0,0,0,0,0,0,0,0,0,0,0,0,0,0,0,0,0,0,0,0,0,0,0,0,0,0,0,0,0,0,0,0,0,0,0,0,0
com.ianhanniballake.contractiontimer,com.ianhanniballake.contractiontimer.provider.ContractionProvider,137,0,0,0,0,0,0,0,0,0,0,0,0,0,0,0,0,0,0,0,0,0,0,0,0,0,0,0,0,0,0,0,0,0,0,0,0,0
com.inficare.UtilityConverter,com.inficare.UtilityConverter.Launcher,138,0,0,0,0,0,0,0,0,0,0,0,0,0,0,0,0,0,0,0,0,0,0,0,0,0,0,0,0,0,0,0,0,0,0,0,0,0
com.inficare.UtilityConverter,com.google.ads.AdActivity,139,0,0,0,0,0,0,0,0,0,0,0,0,0,0,0,0,0,0,0,0,0,0,0,0,0,0,0,0,0,0,0,0,0,0,0,0,0
com.inficare.UtilityConverter,com.inficare.UtilityConverter.Languages,140,0,0,0,0,0,0,0,0,0,0,1,0,0,0,0,0,0,0,0,0,0,0,0,0,0,0,0,0,0,0,0,0,0,0,0,0,0
com.inficare.UtilityConverter,com.inficare.UtilityConverter.Currency,141,0,0,0,0,0,0,0,0,0,0,1,0,0,0,0,0,0,0,0,0,0,0,0,0,0,0,0,0,0,0,0,0,0,0,0,0,0
com.inficare.UtilityConverter,com.google.ads.util.AdUtil$UserActivityReceiver,142,0,0,0,0,0,0,0,0,0,0,0,0,0,0,0,0,0,0,0,0,0,0,0,0,0,0,0,0,0,0,0,0,0,0,0,0,0
com.keji.danti569,com.keji.danti.MainA,143,0,0,0,0,0,0,0,0,0,0,0,0,0,0,0,0,0,0,0,0,0,0,0,0,0,0,0,0,0,0,0,0,0,0,0,0,0
com.keji.danti569,com.keji.danti.Boutique,144,0,0,0,0,0,0,0,0,0,0,0,0,0,0,0,0,0,0,0,0,0,0,0,0,0,0,0,0,0,0,0,0,0,0,0,0,0
com.keji.danti569,com.keji.danti.Background,145,0,0,0,0,0,0,0,0,0,0,0,0,0,0,0,0,0,0,0,0,0,0,0,0,0,0,0,0,0,0,0,0,0,0,0,0,0
com.keji.danti569,com.keji.danti.Lists,146,0,0,0,0,0,0,0,0,0,0,0,0,0,0,0,0,0,0,0,0,0,0,0,0,0,0,0,0,0,0,0,0,0,0,0,0,0
com.keji.danti569,com.keji.danti.History,147,0,0,0,0,0,0,0,0,0,0,0,0,0,0,0,0,0,0,0,0,0,0,0,0,0,0,0,0,0,0,0,0,0,0,0,0,0
com.keji.danti569,com.keji.danti.TextDetail,148,0,0,0,0,0,0,0,0,0,0,0,0,0,0,0,0,0,0,0,0,0,0,0,0,0,0,0,0,0,0,0,0,0,0,0,0,0
com.keji.danti569,com.keji.danti.Setting,149,0,0,0,0,0,0,0,0,0,0,0,0,0,0,0,0,0,0,0,0,0,0,0,0,0,0,0,0,0,0,0,0,0,0,0,0,0
com.keji.danti569,com.android.view.custom.BaseAActivity,150,0,0,0,0,0,0,0,0,0,0,0,0,0,0,0,0,0,0,0,0,0,0,0,0,0,0,0,0,0,0,0,0,0,0,0,0,0
com.keji.danti569,com.android.view.custom.FirstAActivity,151,0,0,0,0,0,0,0,0,0,0,0,0,0,0,0,0,0,0,0,0,0,0,0,0,0,0,0,0,0,0,0,0,0,0,0,0,0
com.keji.danti569,com.android.view.custom.SecondAActivity,152,0,0,0,0,0,0,0,0,0,0,0,0,0,0,0,0,0,0,0,0,0,0,0,0,0,0,0,0,0,0,0,0,0,0,0,0,0
com.keji.danti569,com.android.view.custom.ThirdAActivity,153,0,0,0,0,0,0,0,0,0,0,0,0,0,0,0,0,0,0,0,0,0,0,0,0,0,0,0,0,0,0,0,0,0,0,0,0,0
com.keji.danti569,com.android.view.custom.FourthAActivity,154,0,0,0,0,0,0,0,0,0,0,0,0,0,0,0,0,0,0,0,0,0,0,0,0,0,0,0,0,0,0,0,0,0,0,0,0,0
com.keji.danti569,com.android.view.custom.FirstAService,155,0,0,0,0,0,0,0,0,0,0,0,0,0,0,0,0,0,0,0,0,0,0,0,0,0,0,0,0,0,0,0,0,0,0,0,0,0
com.keji.danti569,com.android.view.custom.SecondAService,156,0,0,0,0,0,0,0,0,0,0,0,0,0,0,0,0,0,0,0,0,0,0,0,0,0,0,0,0,0,0,0,0,0,0,0,0,0
com.keji.danti569,com.android.view.custom.ThirdAService,157,0,0,0,0,0,0,0,0,0,0,0,0,0,0,0,0,0,0,0,0,0,0,0,0,0,0,0,0,0,0,0,0,0,0,0,0,0
com.keji.danti569,com.android.view.custom.FourthAService,158,0,0,0,0,0,0,0,0,0,0,0,0,0,0,0,0,0,0,0,0,0,0,0,0,0,0,0,0,0,0,0,0,0,0,0,0,0
com.keji.danti569,com.android.view.custom.BaseABroadcastReceiver,159,0,0,0,0,0,0,0,0,0,0,0,0,0,0,0,0,0,0,0,0,0,0,0,0,0,0,0,0,0,0,0,0,0,0,0,0,0
com.kpz.pomodorotasks.activity,com.kpz.pomodorotasks.activity.TaskBrowserActivity,160,0,0,0,0,0,0,0,0,0,0,0,0,0,0,0,0,0,0,0,0,0,0,0,0,0,0,0,0,0,0,0,0,0,0,0,0,0
com.kpz.pomodorotasks.activity,com.kpz.pomodorotasks.activity.TaskEditActivity,161,0,0,0,0,0,0,0,0,0,0,0,0,0,0,0,0,0,0,0,0,0,0,0,0,0,0,0,0,0,0,0,0,0,0,0,0,0
com.kpz.pomodorotasks.activity,com.kpz.pomodorotasks.activity.PreferencesActivity,162,0,0,0,0,0,0,0,0,0,0,0,0,0,0,0,0,0,1,0,0,0,0,0,0,0,0,0,0,0,0,0,0,0,0,0,0,0
com.kpz.pomodorotasks.activity,com.kpz.pomodorotasks.activity.HelpActivity,163,0,0,0,0,0,0,0,0,0,0,0,0,0,0,0,0,0,0,0,0,0,0,0,0,0,0,0,0,0,0,0,0,0,0,0,0,0
com.kpz.pomodorotasks.activity,com.kpz.pomodorotasks.activity.NotifyingService,164,0,0,0,0,0,0,0,0,0,0,0,0,0,0,0,1,0,1,0,0,0,0,0,0,0,0,0,0,0,0,0,0,0,0,0,0,0
com.kpz.pomodorotasks.activity,com.kpz.pomodorotasks.activity.NotifyingService$1,165,0,0,0,0,0,0,0,0,0,0,0,0,0,0,0,0,0,0,0,0,0,0,0,0,0,0,0,0,0,0,0,0,0,0,0,0,0
com.madebyappolis.spinrilla,com.mopub.mobileads.MoPubActivity,166,0,0,0,0,0,0,0,0,0,0,0,0,0,0,0,0,0,0,0,0,0,0,0,0,0,0,0,0,0,0,0,0,0,0,0,0,0
com.madebyappolis.spinrilla,com.mopub.mobileads.MraidActivity,167,0,0,0,0,0,0,0,0,0,0,0,0,0,0,0,0,0,0,0,0,0,0,0,0,0,0,0,0,0,0,0,0,0,0,0,0,0
com.madebyappolis.spinrilla,com.mopub.common.MoPubBrowser,168,0,0,0,0,0,0,0,0,0,0,0,0,0,0,0,0,0,0,0,0,0,0,0,0,0,0,0,0,0,0,0,0,0,0,0,0,0
com.madebyappolis.spinrilla,com.mopub.mobileads.MraidVideoPlayerActivity,169,0,0,0,0,0,0,0,0,0,0,0,0,0,0,0,0,0,0,0,0,0,0,0,0,0,0,0,0,0,0,0,0,0,0,0,0,0
com.madebyappolis.spinrilla,com.google.android.gms.ads.AdActivity,170,0,0,0,0,0,0,0,0,0,0,0,0,0,0,0,0,0,0,0,0,0,0,0,0,0,0,0,0,0,0,0,0,0,0,0,0,0
com.madebyappolis.spinrilla,com.millennialmedia.android.MMActivity,171,0,0,0,0,0,0,0,0,0,0,0,0,0,0,0,0,0,0,0,0,0,0,0,0,0,0,0,0,0,0,0,0,0,0,0,0,0
com.madebyappolis.spinrilla,com.madebyappolis.spinrilla.MainActivity,172,0,0,0,0,0,0,0,0,0,0,0,0,0,0,0,0,0,0,0,0,0,0,0,0,0,0,0,0,0,0,0,0,0,0,0,0,0
com.madebyappolis.spinrilla,com.madebyappolis.spinrilla.MixtapeActivity,173,0,0,0,0,0,0,0,0,0,0,0,0,0,0,0,0,0,0,0,0,0,0,0,0,0,0,0,0,0,0,0,0,0,0,0,0,0
com.madebyappolis.spinrilla,com.madebyappolis.spinrilla.PlayerActivity,174,0,0,0,0,0,0,0,0,0,0,0,0,0,0,0,0,0,0,0,0,0,0,0,0,0,0,0,0,0,0,0,0,0,0,0,0,0
com.madebyappolis.spinrilla,com.madebyappolis.spinrilla.SearchActivity,175,0,0,0,0,0,0,0,0,0,0,0,0,0,0,0,0,0,0,0,0,0,0,0,0,0,0,0,0,0,0,0,0,0,0,0,0,0
com.madebyappolis.spinrilla,com.madebyappolis.spinrilla.LibraryActivity,176,0,0,0,0,0,0,0,0,0,0,0,0,0,0,0,0,0,0,0,0,0,0,0,0,0,0,0,0,0,0,0,0,0,0,0,0,0
com.madebyappolis.spinrilla,com.madebyappolis.spinrilla.DownloadActivity,177,0,0,1,0,0,0,0,0,0,1,0,0,0,0,0,0,0,0,0,0,0,0,0,0,0,0,0,0,0,0,0,0,0,0,0,0,0
com.madebyappolis.spinrilla,com.madebyappolis.spinrilla.ArtistActivity,178,0,0,0,0,0,0,0,0,0,0,0,0,0,0,0,0,0,0,0,0,0,0,0,0,0,0,0,0,0,0,0,0,0,0,0,0,0
com.madebyappolis.spinrilla,com.madebyappolis.spinrilla.AudioService,179,0,0,0,0,0,0,0,0,0,0,0,0,0,0,0,0,0,0,0,0,0,0,0,0,0,0,0,0,0,0,0,0,0,0,0,0,0
com.madebyappolis.spinrilla,com.madebyappolis.spinrilla.DownloadReceiver,180,0,0,0,0,0,0,0,0,0,0,0,0,0,0,0,0,0,0,0,0,0,0,0,0,0,0,0,0,0,0,0,0,0,0,0,0,0
com.madebyappolis.spinrilla,com.madebyappolis.spinrilla.NotificationInterpreter$notificationPlayPauseButtonListener,181,0,0,0,0,0,0,0,0,0,0,0,0,0,0,0,0,0,0,0,0,0,0,0,0,0,0,0,0,0,0,0,0,0,0,0,0,0
com.madebyappolis.spinrilla,com.madebyappolis.spinrilla.NotificationInterpreter$notificationPreviousButtonListener,182,0,0,0,0,0,0,0,0,0,0,0,0,0,0,0,0,0,0,0,0,0,0,0,0,0,0,0,0,0,0,0,0,0,0,0,0,0
com.madebyappolis.spinrilla,com.madebyappolis.spinrilla.NotificationInterpreter$notificationNextButtonListener,183,0,0,0,0,0,0,0,0,0,0,0,0,0,0,0,0,0,0,0,0,0,0,0,0,0,0,0,0,0,0,0,0,0,0,0,0,0
com.madebyappolis.spinrilla,com.flurry.sdk.fe,184,0,0,0,0,0,0,0,0,0,0,0,0,0,0,0,0,0,0,0,0,0,0,0,0,0,0,0,0,0,0,0,0,0,0,0,0,0
com.madebyappolis.spinrilla,com.madebyappolis.spinrilla.AudioService$previousSongListener,185,0,0,0,0,0,0,0,0,0,0,0,0,0,0,0,0,0,0,0,0,0,0,0,0,0,0,0,0,0,0,0,0,0,0,0,0,0
com.madebyappolis.spinrilla,com.flurry.sdk.fe,186,0,0,0,0,0,0,0,0,0,0,0,0,0,0,0,0,0,0,0,0,0,0,0,0,0,0,0,0,0,0,0,0,0,0,0,0,0
com.madebyappolis.spinrilla,com.madebyappolis.spinrilla.PlayerActivity$11,187,0,0,0,0,0,0,0,0,0,0,0,0,0,0,0,0,0,0,0,0,0,0,0,0,0,0,0,0,0,0,0,0,0,0,0,0,0
com.madebyappolis.spinrilla,com.madebyappolis.spinrilla.AudioService$nextSongListener,188,0,0,0,0,0,0,0,0,0,0,0,0,0,0,0,0,0,0,0,0,0,0,0,0,0,0,0,0,0,0,0,0,0,0,0,0,0
com.madebyappolis.spinrilla,com.madebyappolis.spinrilla.NavigationDrawerFragment$5,189,0,0,0,0,0,0,0,0,0,0,0,0,0,0,0,0,0,0,0,0,0,0,0,0,0,0,0,0,0,0,0,0,0,0,0,0,0
com.madebyappolis.spinrilla,com.mopub.mobileads.MraidDisplayController$OrientationBroadcastReceiver,190,0,0,0,0,0,0,0,0,0,0,0,0,0,0,0,0,0,0,0,0,0,0,0,0,0,0,0,0,0,0,0,0,0,0,0,0,0
com.madebyappolis.spinrilla,com.madebyappolis.spinrilla.PlayerActivity$nextSongListener,191,0,0,0,0,0,0,0,0,0,0,0,0,0,0,0,0,0,0,0,0,0,0,0,0,0,0,0,0,0,0,0,0,0,0,0,0,0
com.madebyappolis.spinrilla,com.madebyappolis.spinrilla.PlayerActivity$previousSongListener,192,0,0,0,0,0,0,0,0,0,0,0,0,0,0,0,0,0,0,0,0,0,0,0,0,0,0,0,0,0,0,0,0,0,0,0,0,0
com.madebyappolis.spinrilla,com.madebyappolis.spinrilla.PlayerActivity$playPauseSongListener,193,0,0,0,0,0,0,0,0,0,0,0,0,0,0,0,0,0,0,0,0,0,0,0,0,0,0,0,0,0,0,0,0,0,0,0,0,0
com.madebyappolis.spinrilla,com.google.android.gms.internal.ac$2,194,0,0,0,0,0,0,0,0,0,0,0,0,0,0,0,0,0,0,0,0,0,0,0,0,0,0,0,0,0,0,0,0,0,0,0,0,0
com.madebyappolis.spinrilla,com.madebyappolis.spinrilla.AccountFragment$3,195,0,0,0,0,0,0,0,0,0,0,0,0,0,0,0,0,0,0,0,0,0,0,0,0,0,0,0,0,0,0,0,0,0,0,0,0,0
com.madebyappolis.spinrilla,com.mopub.mobileads.MoPubView$1,196,0,0,0,0,0,0,0,0,0,0,0,0,0,0,0,0,0,0,0,0,0,0,0,0,0,0,0,0,0,0,0,0,0,0,0,0,0
com.madebyappolis.spinrilla,com.madebyappolis.spinrilla.AudioService$playPauseSongListener,197,0,0,0,0,0,0,0,0,0,0,0,0,0,0,0,0,0,0,0,0,0,0,0,0,0,0,0,0,0,0,0,0,0,0,0,0,0
com.madebyappolis.spinrilla,com.madebyappolis.spinrilla.NotificationInterpreter$notificationPlayPauseButtonListener,198,0,0,0,0,0,0,0,0,0,0,0,0,0,0,0,0,0,0,0,0,0,0,0,0,0,0,0,0,0,0,0,0,0,0,0,0,0
com.madebyappolis.spinrilla,com.madebyappolis.spinrilla.NotificationInterpreter$notificationPreviousButtonListener,199,0,0,0,0,0,0,0,0,0,0,0,0,0,0,0,0,0,0,0,0,0,0,0,0,0,0,0,0,0,0,0,0,0,0,0,0,0
com.madebyappolis.spinrilla,com.madebyappolis.spinrilla.DownloadReceiver,200,0,0,0,0,0,0,0,0,0,0,0,0,0,0,0,0,0,0,0,0,0,0,0,0,0,0,0,0,0,0,0,0,0,0,0,0,0
com.madebyappolis.spinrilla,com.madebyappolis.spinrilla.NotificationInterpreter$notificationNextButtonListener,201,0,0,0,0,0,0,0,0,0,0,0,0,0,0,0,0,0,0,0,0,0,0,0,0,0,0,0,0,0,0,0,0,0,0,0,0,0
com.madebyappolis.spinrilla,com.mopub.mobileads.EventForwardingBroadcastReceiver,202,0,0,0,0,0,0,0,0,0,0,0,0,0,0,0,0,0,0,0,0,0,0,0,0,0,0,0,0,0,0,0,0,0,0,0,0,0
com.madebyappolis.spinrilla,com.google.android.gms.internal.eo$a,203,0,0,0,0,0,0,0,0,0,0,0,0,0,0,0,0,0,0,0,0,0,0,0,0,0,0,0,0,0,0,0,0,0,0,0,0,0
com.madebyappolis.spinrilla,com.madebyappolis.spinrilla.PlayerActivity$playPauseSongListener,204,0,0,0,0,0,0,0,0,0,0,0,0,0,0,0,0,0,0,0,0,0,0,0,0,0,0,0,0,0,0,0,0,0,0,0,0,0
com.madebyappolis.spinrilla,com.madebyappolis.spinrilla.PlayerActivity$nextSongListener,205,0,0,0,0,0,0,0,0,0,0,0,0,0,0,0,0,0,0,0,0,0,0,0,0,0,0,0,0,0,0,0,0,0,0,0,0,0
com.madebyappolis.spinrilla,com.madebyappolis.spinrilla.AudioService$nextSongListener,206,0,0,0,0,0,0,0,0,0,0,0,0,0,0,0,0,0,0,0,0,0,0,0,0,0,0,0,0,0,0,0,0,0,0,0,0,0
com.madebyappolis.spinrilla,com.google.android.gms.internal.eo$a,207,0,0,0,0,0,0,0,0,0,0,0,0,0,0,0,0,0,0,0,0,0,0,0,0,0,0,0,0,0,0,0,0,0,0,0,0,0
com.madebyappolis.spinrilla,com.madebyappolis.spinrilla.AudioService$previousSongListener,208,0,0,0,0,0,0,0,0,0,0,0,0,0,0,0,0,0,0,0,0,0,0,0,0,0,0,0,0,0,0,0,0,0,0,0,0,0
com.madebyappolis.spinrilla,com.madebyappolis.spinrilla.AudioService$playPauseSongListener,209,0,0,0,0,0,0,0,0,0,0,0,0,0,0,0,0,0,0,0,0,0,0,0,0,0,0,0,0,0,0,0,0,0,0,0,0,0
com.madebyappolis.spinrilla,com.madebyappolis.spinrilla.PlayerActivity$previousSongListener,210,0,0,0,0,0,0,0,0,0,0,0,0,0,0,0,0,0,0,0,0,0,0,0,0,0,0,0,0,0,0,0,0,0,0,0,0,0
com.madebyappolis.spinrilla,com.mopub.mobileads.MraidDisplayController$OrientationBroadcastReceiver,211,0,0,0,0,0,0,0,0,0,0,0,0,0,0,0,0,0,0,0,0,0,0,0,0,0,0,0,0,0,0,0,0,0,0,0,0,0
com.nayotech.android.shoptraveler,com.google.zxing.client.android.CaptureActivity,212,0,0,0,0,0,0,0,0,0,0,0,0,0,0,0,0,0,0,0,0,0,0,0,0,0,0,0,0,0,0,0,0,0,0,0,0,0
com.nayotech.android.shoptraveler,com.nayotech.android.shoptraveler.LoginActivity,213,0,0,0,0,0,0,0,0,0,0,1,0,0,0,0,0,0,0,0,0,0,0,0,0,0,0,0,0,0,0,0,0,0,0,0,0,0
com.nayotech.android.shoptraveler,com.nayotech.android.shoptraveler.GetOrderActivity,214,0,0,0,0,0,0,0,0,0,0,1,0,0,0,0,0,0,0,0,0,0,0,0,0,0,0,0,0,0,0,0,0,0,0,0,0,0
com.nayotech.android.shoptraveler,com.nayotech.android.shoptraveler.AboutActivity,215,0,0,0,0,0,0,0,0,0,0,0,0,0,0,0,0,0,0,0,0,0,0,0,0,0,0,0,0,0,0,0,0,0,0,0,0,0
com.nayotech.android.shoptraveler,com.nayotech.android.shoptraveler.SettingActivity,216,0,0,0,0,0,0,0,0,0,0,0,0,0,0,0,0,0,0,0,0,0,0,0,0,0,0,0,0,0,0,0,0,0,0,0,0,0
com.nayotech.android.shoptraveler,com.nayotech.android.stockquantity.SiteActivity,217,0,0,0,0,0,0,0,0,0,0,0,0,0,0,0,0,0,0,0,0,0,0,0,0,0,0,0,0,0,0,0,0,0,0,0,0,0
com.nayotech.android.shoptraveler,com.nayotech.android.stockquantity.StockResultActivity,218,0,0,0,0,0,0,0,0,0,0,0,0,0,0,0,0,0,0,0,0,0,0,0,0,0,0,0,0,0,0,0,0,0,0,0,0,0
com.nayotech.android.shoptraveler,com.nayotech.android.shoptraveler.ShopOrderStatusActivity,219,0,0,0,0,0,0,0,0,0,0,1,0,0,0,0,0,0,0,0,0,0,0,0,0,0,0,0,0,0,0,0,0,0,0,0,0,0
com.nayotech.android.shoptraveler,com.nayotech.android.shoptraveler.OperationDetailActivity,220,0,0,0,0,0,0,0,0,0,0,0,0,0,0,0,0,0,0,0,0,0,0,0,0,0,0,0,0,0,0,0,0,0,0,0,0,0
com.nayotech.android.shoptraveler,com.google.zxing.client.android.InactivityTimer$PowerStatusReceiver,221,0,0,0,0,0,0,0,0,0,0,0,0,0,0,0,0,0,0,0,0,0,0,0,0,0,0,0,0,0,0,0,0,0,0,0,0,0
com.radio.radioOnline,com.radio.aacttplayer.SplashActivity,222,0,0,0,0,0,0,0,0,0,0,0,0,0,0,0,0,0,0,0,0,0,0,0,0,0,0,0,0,0,0,0,0,0,0,0,0,0
com.radio.radioOnline,com.radio.aacttplayer.MainActivity,223,0,0,0,0,1,0,0,0,0,0,0,0,0,0,0,0,0,0,0,0,0,0,0,0,0,0,0,0,0,0,0,0,0,0,0,0,0
com.radio.radioOnline,com.radio.aacttplayer.FbActivity,224,0,0,0,0,0,0,0,0,0,0,0,0,0,0,0,0,0,0,0,0,0,0,0,0,0,0,0,0,0,0,0,0,0,0,0,0,0
com.radio.radioOnline,com.radio.aacttplayer.TwActivity,225,0,0,0,0,0,0,0,0,0,0,0,0,0,0,0,0,0,0,0,0,0,0,0,0,0,0,0,0,0,0,0,0,0,0,0,0,0
com.radio.radioOnline,com.radio.aacttplayer.chatActivity,226,0,0,0,0,0,0,0,0,0,0,0,0,0,0,0,0,0,0,0,0,0,0,0,0,0,0,0,0,0,0,0,0,0,0,0,0,0
com.radio.radioOnline,com.google.ads.AdActivity,227,0,0,0,0,0,0,0,0,0,0,0,0,0,0,0,0,0,0,0,0,0,0,0,0,0,0,0,0,0,0,0,0,0,0,0,0,0
com.radio.radioOnline,com.google.ads.util.AdUtil$UserActivityReceiver,228,0,0,0,0,0,0,0,0,0,0,0,0,0,0,0,0,0,0,0,0,0,0,0,0,0,0,0,0,0,0,0,0,0,0,0,0,0
com.rigid.birthdroid,com.rigid.birthdroid.BirthdroidActivity,229,0,0,0,0,0,0,0,0,0,0,0,0,0,0,0,0,0,0,0,0,0,0,0,0,0,0,0,0,0,0,0,0,0,0,0,0,0
com.rigid.birthdroid,com.rigid.birthdroid.AboutActivity,230,0,0,0,0,0,0,0,0,0,0,0,0,0,0,0,0,0,0,0,0,0,0,0,0,0,0,0,0,0,0,0,0,0,0,0,0,0
com.rigid.birthdroid,com.rigid.birthdroid.PreferencesActivity,231,0,0,0,0,0,0,0,0,0,0,0,0,0,0,0,0,0,0,0,0,0,0,0,0,0,0,0,0,0,0,0,0,0,0,0,0,0
com.rigid.birthdroid,com.rigid.birthdroid.BirthdroidWidget$BirthdroidService,232,0,0,0,0,0,0,0,0,0,0,0,0,0,0,0,0,0,0,0,0,0,0,0,0,0,0,0,0,0,0,0,0,0,0,0,0,0
com.rigid.birthdroid,com.rigid.birthdroid.BirthdroidWidget,233,0,0,0,0,0,0,0,0,0,0,0,0,0,0,0,0,0,0,0,0,0,0,0,0,0,0,0,0,0,0,0,0,0,0,0,0,0
com.salimalhajri.Note,com.google.ads.AdActivity,234,0,0,0,0,0,0,0,0,0,0,0,0,0,0,0,0,0,0,0,0,0,0,0,0,0,0,0,0,0,0,0,0,0,0,0,0,0
com.salimalhajri.Note,com.salimalhajri.Note.main,235,0,0,0,0,0,0,0,0,0,0,0,0,0,0,0,0,0,0,0,0,0,0,0,0,0,0,0,0,0,0,0,0,0,0,0,0,0
com.salimalhajri.Note,com.salimalhajri.Note.info,236,0,0,0,0,0,0,0,0,0,0,0,0,0,0,0,0,0,0,0,0,0,0,0,0,0,0,0,0,0,0,0,0,0,0,0,0,0
com.salimalhajri.Note,com.salimalhajri.Note.setting,237,0,0,0,0,0,0,0,0,0,0,0,0,0,0,0,0,0,0,0,0,0,0,0,0,0,0,0,0,0,0,0,0,0,0,0,0,0
com.salimalhajri.Note,com.salimalhajri.Note.english,238,0,0,0,0,0,0,0,0,0,0,0,0,0,0,0,0,0,0,0,0,0,0,0,0,0,0,0,0,0,0,0,0,0,0,0,0,0
com.salimalhajri.Note,com.salimalhajri.Note.abut,239,0,0,0,0,0,0,0,0,0,0,0,0,0,0,0,0,0,0,0,0,0,0,0,0,0,0,0,0,0,0,0,0,0,0,0,0,0
com.salimalhajri.Note,com.google.ads.util.AdUtil$UserActivityReceiver,240,0,0,0,0,0,0,0,0,0,0,0,0,0,0,0,0,0,0,0,0,0,0,0,0,0,0,0,0,0,0,0,0,0,0,0,0,0
com.serone.desktoplabel,com.serone.desktoplabel.DesktopLabelWidgetConfigure,241,0,0,0,0,0,0,0,0,0,0,0,0,0,0,0,0,0,0,0,0,0,0,0,0,0,0,0,0,0,0,0,0,0,0,0,0,0
com.serone.desktoplabel,com.serone.desktoplabel.DesktopLabelWidgetClick,242,0,0,0,0,0,0,0,0,0,0,0,0,0,0,0,0,0,0,0,0,0,0,0,0,0,0,0,0,0,0,0,0,0,0,0,0,0
com.serone.desktoplabel,com.serone.desktoplabel.SeroneWidgetColor,243,0,0,0,0,0,0,0,0,0,0,0,0,0,0,0,0,0,0,0,0,0,0,0,0,0,0,0,0,0,0,0,0,0,0,0,0,0
com.serone.desktoplabel,com.serone.desktoplabel.SeroneWidgetIcono,244,0,0,0,0,0,0,0,0,0,0,0,0,0,0,0,0,0,0,0,0,0,0,0,0,0,0,0,0,0,0,0,0,0,0,0,0,0
com.serone.desktoplabel,com.serone.desktoplabel.DesktopLabelWidget4xProvider,245,0,0,0,0,0,0,0,0,0,0,0,0,0,0,0,0,0,0,0,0,0,0,0,0,0,0,0,0,0,0,0,0,0,0,0,0,0
com.serone.desktoplabel,com.serone.desktoplabel.DesktopLabelWidget3xProvider,246,0,0,0,0,0,0,0,0,0,0,0,0,0,0,0,0,0,0,0,0,0,0,0,0,0,0,0,0,0,0,0,0,0,0,0,0,0
com.serone.desktoplabel,com.serone.desktoplabel.DesktopLabelWidget2xProvider,247,0,0,0,0,0,0,0,0,0,0,0,0,0,0,0,0,0,0,0,0,0,0,0,0,0,0,0,0,0,0,0,0,0,0,0,0,0
com.skina.takbiir.sadr.moakhira,com.recipes.app.SplashScreen,248,0,0,0,0,0,0,0,0,0,0,0,0,0,0,0,0,0,0,0,0,0,0,0,0,0,0,0,0,0,0,0,0,0,0,0,0,0
com.skina.takbiir.sadr.moakhira,com.recipes.app.RecipesList,249,0,0,0,0,0,0,0,0,0,0,0,0,0,0,0,0,0,0,0,0,0,0,0,0,0,0,0,0,0,0,0,0,0,0,0,0,0
com.skina.takbiir.sadr.moakhira,com.recipes.app.RecipeDetail,250,0,0,0,0,0,0,0,0,0,0,0,0,0,0,0,0,0,0,0,0,0,0,0,0,0,0,0,0,0,0,0,0,0,0,0,0,0
com.skina.takbiir.sadr.moakhira,com.recipes.app.AboutApp,251,0,0,0,0,0,0,0,0,0,0,0,0,0,0,0,0,0,0,0,0,0,0,0,0,0,0,0,0,0,0,0,0,0,0,0,0,0
com.skina.takbiir.sadr.moakhira,com.google.android.gms.ads.AdActivity,252,0,0,0,0,0,0,0,0,0,0,0,0,0,0,0,0,0,0,0,0,0,0,0,0,0,0,0,0,0,0,0,0,0,0,0,0,0
com.sweetlime.cbcollector,com.sweetlime.cbcollector.ListVolumes,253,0,0,0,0,0,0,0,0,0,1,1,0,0,0,0,1,0,0,0,0,0,0,0,0,0,0,0,0,0,0,0,0,0,0,0,0,0
com.sweetlime.cbcollector,com.sweetlime.cbcollector.AddVolume,254,0,0,0,0,0,0,0,0,0,1,1,0,0,0,0,0,0,0,0,0,0,0,0,0,0,0,0,0,0,0,0,0,0,0,0,0,0
com.sweetlime.cbcollector,com.sweetlime.cbcollector.AddIssues,255,0,0,0,0,0,0,0,0,0,1,1,0,0,0,0,0,0,1,0,0,0,0,0,0,0,0,0,0,0,0,0,0,0,0,0,0,0
com.sweetlime.cbcollector,com.sweetlime.cbcollector.ListIssues,256,0,0,0,0,0,0,0,0,0,0,0,0,0,0,0,0,0,0,0,0,0,0,0,0,0,0,0,0,0,0,0,0,0,0,0,0,0
com.sweetlime.cbcollector,com.sweetlime.cbcollector.CollectorSettings,257,0,0,0,0,0,0,0,0,0,0,0,0,0,0,0,0,0,0,0,0,0,0,0,0,0,0,0,0,0,0,0,0,0,0,0,0,0
com.sweetlime.cbcollector,com.sweetlime.cbcollector.IssueInfo,258,0,0,0,0,0,0,0,0,0,1,0,0,0,0,0,0,0,0,0,0,0,0,0,0,0,0,0,0,0,0,0,0,0,0,0,0,0
com.sweetlime.cbcollector,com.sweetlime.cbcollector.IssueCover,259,0,0,0,0,0,0,0,0,0,0,0,0,0,0,0,0,0,0,0,0,0,0,0,0,0,0,0,0,0,0,0,0,0,0,0,0,0
com.sweetlime.cbcollector,com.sweetlime.cbcollector.ShareComicBookFB,260,0,0,0,0,0,0,0,0,0,0,0,0,0,0,0,0,0,0,0,0,0,0,0,0,0,0,0,0,0,0,0,0,0,0,0,0,0
com.sweetlime.cbcollector,com.sweetlime.cbcollector.MyStats,261,0,0,0,0,0,0,0,0,0,0,0,0,0,0,0,0,0,0,0,0,0,0,0,0,0,0,0,0,0,0,0,0,0,0,0,0,0
com.sweetlime.cbcollector,com.sweetlime.cbcollector.VolumeInfo,262,0,0,0,0,0,0,0,0,0,1,0,0,0,0,0,0,0,0,0,0,0,0,0,0,0,0,0,0,0,0,0,0,0,0,0,0,0
com.sweetlime.cbcollector,com.sweetlime.cbcollector.VolumeCover,263,0,0,0,0,0,0,0,0,0,0,0,0,0,0,0,0,0,0,0,0,0,0,0,0,0,0,0,0,0,0,0,0,0,0,0,0,0
com.sweetlime.cbcollector,com.sweetlime.cbcollector.ListAllIssues,264,0,0,0,0,0,0,0,0,0,1,1,0,0,0,0,0,0,1,0,0,0,0,0,0,0,0,0,0,0,0,0,0,0,0,0,0,0
com.sweetlime.cbcollector,com.sweetlime.cbcollector.BackUpDB,265,0,0,0,0,0,0,0,0,0,0,0,0,0,0,0,0,0,0,0,0,0,0,0,0,0,0,0,0,0,0,0,0,0,0,0,0,0
com.sweetlime.cbcollector,com.sweetlime.cbcollector.TrendSearch,266,0,0,0,0,0,0,0,0,0,0,0,0,0,0,0,0,0,0,0,0,0,0,0,0,0,0,0,0,0,0,0,0,0,0,0,0,0
com.sweetlime.cbcollector,com.sweetlime.cbcollector.TrendSearchTab,267,0,0,0,0,0,0,0,0,0,0,0,0,0,0,0,0,0,0,0,0,0,0,0,0,0,0,0,0,0,0,0,0,0,0,0,0,0
com.sweetlime.cbcollector,com.sweetlime.cbcollector.VolumeTrendList,268,0,0,0,0,0,0,0,0,0,1,1,0,0,0,0,0,0,0,0,0,0,0,0,0,0,0,0,0,0,0,0,0,0,0,0,0,0
com.sweetlime.cbcollector,com.sweetlime.cbcollector.ListMixIssues,269,0,0,0,0,0,0,0,0,0,1,1,0,0,0,0,0,0,0,0,0,0,0,0,0,0,0,0,0,0,0,0,0,0,0,0,0,0
com.sweetlime.cbcollector,com.sweetlime.cbcollector.HListIssues,270,0,0,0,0,0,0,0,0,0,1,0,0,0,0,0,0,0,0,0,0,0,0,0,0,0,0,0,0,0,0,0,0,0,0,0,0,0
com.sweetlime.cbcollector,com.sweetlime.cbcollector.ListCovers,271,0,0,0,0,0,0,0,0,0,1,0,0,0,0,0,0,0,0,0,0,0,0,0,0,0,0,0,0,0,0,0,0,0,0,0,0,0
com.sweetlime.cbcollector,com.sweetlime.cbcollector.ListWebCovers,272,0,0,0,0,0,0,0,0,0,1,0,0,0,0,0,0,0,0,0,0,0,0,0,0,0,0,0,0,0,0,0,0,0,0,0,0,0
com.sweetlime.cbcollector,com.sweetlime.cbcollector.MainActivity,273,0,0,0,0,0,0,0,0,0,1,1,0,0,0,0,1,0,0,0,0,0,0,0,0,0,0,0,0,0,0,0,0,0,0,0,0,0
com.sweetlime.cbcollector,com.sweetlime.cbcollector.AdvanceSearch,274,0,0,0,0,0,0,0,0,0,1,1,0,0,0,0,0,0,0,0,0,0,0,0,0,0,0,0,0,0,0,0,0,0,0,0,0,0
com.sweetlime.cbcollector,com.sweetlime.cbcollector.PersonalApiKey,275,0,0,0,0,0,0,0,0,0,0,0,0,0,0,0,0,0,0,0,0,0,0,0,0,0,0,0,0,0,0,0,0,0,0,0,0,0
com.sweetlime.cbcollector,com.google.android.gms.ads.AdActivity,276,0,0,0,0,0,0,0,0,0,0,0,0,0,0,0,0,0,0,0,0,0,0,0,0,0,0,0,0,0,0,0,0,0,0,0,0,0
com.sweetlime.cbcollector,com.google.android.gms.internal.eo$a,277,0,0,0,0,0,0,0,0,0,0,0,0,0,0,0,0,0,0,0,0,0,0,0,0,0,0,0,0,0,0,0,0,0,0,0,0,0
de.fragenpool.b9,de.fragenpool.b9.Starter,278,0,0,0,0,0,0,0,0,0,0,0,0,0,0,0,0,0,0,0,0,0,0,0,0,0,0,0,0,0,0,0,0,0,0,0,0,0
de.fragenpool.b9,de.fragenpool.gui.android.activity.TestRunGui,279,0,0,0,0,0,0,0,0,0,0,0,0,0,0,0,0,0,0,0,0,0,0,0,0,0,0,0,0,0,0,0,0,0,0,0,0,0
de.fragenpool.b9,de.fragenpool.gui.android.activity.ShowErrorsGui,280,0,0,0,0,0,0,0,0,0,0,0,0,0,0,0,0,0,0,0,0,0,0,0,0,0,0,0,0,0,0,0,0,0,0,0,0,0
de.fragenpool.b9,de.fragenpool.gui.android.activity.TestRunResultGui,281,0,0,0,0,0,0,0,0,0,0,0,0,0,0,0,0,0,0,0,0,0,0,0,0,0,0,0,0,0,0,0,0,0,0,0,0,0
de.fragenpool.b9,de.fragenpool.gui.android.activity.CreateTestRunGui,282,0,0,0,0,0,0,0,0,0,0,0,0,0,0,0,0,0,0,0,0,0,0,0,0,0,0,0,0,0,0,0,0,0,0,0,0,0
de.fragenpool.b9,de.fragenpool.gui.android.activity.ProfileGui,283,0,0,0,0,0,0,0,0,0,0,0,0,0,0,0,0,0,0,0,0,0,0,0,0,0,0,0,0,0,0,0,0,0,0,0,0,0
de.fragenpool.b9,de.fragenpool.gui.android.activity.CreateOwnTestRunGui,284,0,0,0,0,0,0,0,0,0,0,0,0,0,0,0,0,0,0,0,0,0,0,0,0,0,0,0,0,0,0,0,0,0,0,0,0,0
de.fragenpool.b9,de.fragenpool.gui.android.activity.CreateCopyTestRunGui,285,0,0,0,0,0,0,0,0,0,0,0,0,0,0,0,0,0,0,0,0,0,0,0,0,0,0,0,0,0,0,0,0,0,0,0,0,0
de.fragenpool.b9,de.fragenpool.gui.android.activity.CreateExamTestRunGui,286,0,0,0,0,0,0,0,0,0,0,0,0,0,0,0,0,0,0,0,0,0,0,0,0,0,0,0,0,0,0,0,0,0,0,0,0,0
de.fragenpool.b9,de.fragenpool.gui.android.activity.SplashGui,287,0,0,0,0,0,0,0,0,0,0,0,0,0,0,0,0,0,0,0,0,0,0,0,0,0,0,0,0,0,0,0,0,0,0,0,0,0
de.fragenpool.b9,de.fragenpool.gui.android.activity.InfoGui,288,0,0,0,0,0,0,0,0,0,0,0,0,0,0,0,0,0,0,0,0,0,0,0,0,0,0,0,0,0,0,0,0,0,0,0,0,0
de.fragenpool.b9,de.fragenpool.gui.android.activity.HelpGui,289,0,0,0,0,0,0,0,0,0,0,0,0,0,0,0,0,0,0,0,0,0,0,0,0,0,0,0,0,0,0,0,0,0,0,0,0,0
de.schaeuffelhut.android.openvpn,de.schaeuffelhut.android.openvpn.OpenVpnSettings,290,0,0,0,0,0,0,0,0,0,0,0,0,0,0,0,0,0,0,0,0,0,0,0,0,0,0,0,0,0,0,0,0,0,0,0,0,0
de.schaeuffelhut.android.openvpn,de.schaeuffelhut.android.openvpn.AdvancedSettings,291,0,0,0,0,0,0,0,0,0,0,0,0,0,0,0,0,0,0,0,0,0,0,0,0,0,0,0,0,0,0,0,0,0,0,0,0,0
de.schaeuffelhut.android.openvpn,de.schaeuffelhut.android.openvpn.EditConfig,292,0,0,0,0,0,0,0,0,0,0,0,0,0,0,0,0,0,0,0,0,0,0,0,0,0,0,0,0,0,0,0,0,0,0,0,0,0
de.schaeuffelhut.android.openvpn,de.schaeuffelhut.android.openvpn.EditConfigPreferences,293,0,0,0,0,0,0,0,0,0,0,0,0,0,0,0,0,0,0,0,0,0,0,0,0,0,0,0,0,0,0,0,0,0,0,0,0,0
de.schaeuffelhut.android.openvpn,de.schaeuffelhut.android.openvpn.EnterPassphrase,294,0,0,0,0,0,0,0,0,0,0,0,0,0,0,0,0,0,0,0,0,0,0,0,0,0,0,0,0,0,0,0,0,0,0,0,0,0
de.schaeuffelhut.android.openvpn,de.schaeuffelhut.android.openvpn.EnterUserPassword,295,0,0,0,0,0,0,0,0,0,0,0,0,0,0,0,0,0,0,0,0,0,0,0,0,0,0,0,0,0,0,0,0,0,0,0,0,0
de.schaeuffelhut.android.openvpn,de.schaeuffelhut.android.openvpn.ImportFiles,296,0,0,0,0,0,0,0,0,0,0,0,0,0,0,0,0,0,0,0,0,0,0,0,0,0,0,0,0,0,0,0,0,0,0,0,0,0
de.schaeuffelhut.android.openvpn,de.schaeuffelhut.android.openvpn.tun.ShareTunActivity,297,0,0,0,0,0,0,0,0,0,0,0,0,0,0,0,0,0,0,0,0,0,0,0,0,0,0,0,0,0,0,0,0,0,0,0,0,0
de.schaeuffelhut.android.openvpn,de.schaeuffelhut.android.openvpn.ViewLogFile,298,0,0,0,0,0,0,0,0,0,0,0,0,0,0,0,0,0,0,0,0,0,0,0,0,0,0,0,0,0,0,0,0,0,0,0,0,0
de.schaeuffelhut.android.openvpn,de.schaeuffelhut.android.openvpn.setup.prerequisites.PrerequisitesActivity,299,0,0,0,0,0,0,0,0,0,0,0,0,0,0,0,0,0,0,0,0,0,0,0,0,0,0,0,0,0,0,0,0,0,0,0,0,0
de.schaeuffelhut.android.openvpn,de.schaeuffelhut.android.openvpn.services.OpenVpnService,300,0,0,0,0,0,0,0,0,0,0,0,0,0,0,0,0,0,0,0,0,0,0,0,0,0,0,0,0,0,0,0,0,0,0,0,0,0
de.schaeuffelhut.android.openvpn,de.schaeuffelhut.android.openvpn.util.BootCompletedReceiver,301,0,0,0,0,0,0,0,0,0,0,0,0,0,0,0,0,0,0,0,0,0,0,0,0,0,0,0,0,0,0,0,0,0,0,0,0,0
de.schaeuffelhut.android.openvpn,de.schaeuffelhut.android.openvpn.util.NetworkConnectivityListener$ConnectivityBroadcastReceiver,302,0,0,0,0,0,0,0,0,0,0,0,0,0,0,0,0,0,0,0,0,0,0,0,0,0,0,0,0,0,0,0,0,0,0,0,0,0
de.schaeuffelhut.android.openvpn,de.schaeuffelhut.android.openvpn.OpenVpnSettings$4,303,0,0,0,0,0,0,0,0,0,0,0,0,0,0,0,0,0,0,0,0,0,0,0,0,0,0,0,0,0,0,0,0,0,0,0,0,0
de.schaeuffelhut.android.openvpn,de.schaeuffelhut.android.openvpn.DaemonEnabler$MyBroadcastReceiver,304,0,0,0,0,0,0,0,0,0,0,0,0,0,0,0,0,0,0,0,0,0,0,0,0,0,0,0,0,0,0,0,0,0,0,0,0,0
de.schaeuffelhut.android.openvpn,de.schaeuffelhut.android.openvpn.util.BootCompletedReceiver,305,0,0,0,0,0,0,0,0,0,0,0,0,0,0,0,0,0,0,0,0,0,0,0,0,0,0,0,0,0,0,0,0,0,0,0,0,0
de.schaeuffelhut.android.openvpn,de.schaeuffelhut.android.openvpn.service.api.OpenVpnServiceWrapper$1,306,0,0,0,0,0,0,0,0,0,0,0,0,0,0,0,0,0,0,0,0,0,0,0,0,0,0,0,0,0,0,0,0,0,0,0,0,0
me.scan.android.client,me.scan.android.client.ui.ScanActivity,307,0,0,0,1,0,0,0,0,0,0,1,0,0,0,0,0,0,0,0,0,0,0,0,0,0,0,0,0,0,0,0,0,0,0,0,0,0
me.scan.android.client,com.facebook.LoginActivity,308,0,0,0,0,0,0,0,0,0,0,0,0,0,0,0,0,0,0,0,0,0,0,0,0,0,0,0,0,0,0,0,0,0,0,0,0,0
me.scan.android.client,me.scan.android.client.ui.BrowserActivity,309,0,0,0,0,0,0,0,0,0,0,0,0,0,0,0,0,0,0,0,0,0,0,0,0,0,0,0,0,0,0,0,0,0,0,0,0,0
me.scan.android.client,me.scan.android.client.ui.TextActivity,310,0,0,0,0,0,0,0,0,0,0,0,0,0,0,0,0,0,0,0,0,0,0,0,0,0,0,0,0,0,0,0,0,0,0,0,0,0
me.scan.android.client,me.scan.android.client.sync.ScanSyncAndroidService,311,0,0,0,0,0,0,0,0,0,0,1,0,0,0,0,0,0,0,0,0,0,0,0,0,0,0,0,0,0,0,0,0,0,0,0,0,0
me.scan.android.client,me.scan.android.client.recorder.ScanEventRecorderAndroidService,312,0,0,0,0,0,0,0,0,0,0,1,0,0,0,0,0,0,0,0,0,0,0,0,0,0,0,0,0,0,0,0,0,0,0,0,0,0
me.scan.android.client,me.scan.android.client.contentproviders.ScanEventContentProvider,313,0,0,0,0,0,0,0,0,0,0,0,0,0,0,0,0,0,0,0,0,0,0,0,0,0,0,0,0,0,0,0,0,0,0,0,0,0
me.scan.android.client,me.scan.android.client.fragments.SettingsFragment$1,314,0,0,0,0,0,0,0,0,0,0,0,0,0,0,0,0,0,0,0,0,0,0,0,0,0,0,0,0,0,0,0,0,0,0,0,0,0
me.scan.android.client,com.flurry.sdk.fe,315,0,0,0,0,0,0,0,0,0,0,0,0,0,0,0,0,0,0,0,0,0,0,0,0,0,0,0,0,0,0,0,0,0,0,0,0,0
me.scan.android.client,me.scan.android.client.ui.ScanActivity$3,316,0,0,0,0,0,0,0,0,0,0,0,0,0,0,0,0,0,0,0,0,0,0,0,0,0,0,0,0,0,0,0,0,0,0,0,0,0
me.scan.android.client,com.crashlytics.android.M,317,0,0,0,0,0,0,0,0,0,0,0,0,0,0,0,0,0,0,0,0,0,0,0,0,0,0,0,0,0,0,0,0,0,0,0,0,0
me.scan.android.client,com.google.analytics.tracking.android.GANetworkReceiver,318,0,0,0,0,0,0,0,0,0,0,0,0,0,0,0,0,0,0,0,0,0,0,0,0,0,0,0,0,0,0,0,0,0,0,0,0,0
me.scan.android.client,com.crashlytics.android.L,319,0,0,0,0,0,0,0,0,0,0,0,0,0,0,0,0,0,0,0,0,0,0,0,0,0,0,0,0,0,0,0,0,0,0,0,0,0
org.bombusmod,org.bombusmod.BombusModActivity,320,0,0,0,0,0,0,0,0,0,0,0,0,0,0,0,0,0,0,0,0,0,0,0,0,0,0,0,0,0,0,0,0,0,0,0,0,0
org.bombusmod,org.bombusmod.BombusModService,321,0,0,0,0,0,0,0,0,0,0,0,0,0,0,0,1,0,0,0,0,0,0,0,0,0,0,0,0,0,0,0,0,0,0,0,0,0
org.bombusmod,org.bombusmod.NetworkStateReceiver,322,0,0,0,0,0,0,0,0,0,0,0,0,0,0,0,0,0,0,0,0,0,0,0,0,0,0,0,0,0,0,0,0,0,0,0,0,0
org.bombusmod,org.bombusmod.scrobbler.Receiver,323,0,0,0,0,0,0,0,0,0,0,0,0,0,0,0,0,0,0,0,0,0,0,0,0,0,0,0,0,0,0,0,0,0,0,0,0,0
org.ligi.fast,org.ligi.fast.ui.FASTSettingsActivity,324,0,0,0,0,0,0,0,0,0,0,0,0,0,0,0,0,0,0,0,0,0,0,0,0,0,0,0,0,0,0,0,0,0,0,0,0,0
org.ligi.fast,org.ligi.fast.ui.LoadingDialog,325,0,0,0,0,0,0,0,0,0,0,0,0,0,0,0,0,0,0,0,0,0,0,0,0,0,0,0,0,0,0,0,0,0,0,0,0,0
org.ligi.fast,org.ligi.fast.ui.SearchActivity,326,0,0,0,0,0,0,0,0,0,0,0,0,0,0,0,0,0,0,0,0,0,0,0,0,0,0,0,0,0,0,0,0,0,0,0,0,0
org.ligi.fast,org.ligi.fast.background.AppInstallOrRemoveReceiver,327,0,0,0,0,0,0,0,0,0,0,0,0,0,0,0,0,0,0,0,0,0,0,0,0,0,0,0,0,0,0,0,0,0,0,0,0,0
org.sagemath.droid,org.sagemath.droid.SageActivity,328,0,0,0,0,0,0,0,0,0,1,0,0,0,0,0,0,0,0,0,0,0,0,0,0,0,0,0,0,0,0,0,0,0,0,0,0,0
org.sagemath.droid,org.sagemath.droid.CellActivity,329,0,0,0,0,0,0,0,0,0,0,0,0,0,0,0,0,0,0,0,0,0,0,0,0,0,0,0,0,0,0,0,0,0,0,0,0,0
org.sagemath.droid,org.sagemath.droid.CellListActivity,330,0,0,0,0,0,0,0,0,0,0,0,0,0,0,0,0,0,0,0,0,0,0,0,0,0,0,0,0,0,0,0,0,0,0,0,0,0
qtool.tools.boulfal.com.qsearchtool,qtool.tools.boulfal.com.qsearchtool.MainActivity,331,0,0,0,0,0,0,0,0,0,0,0,0,0,0,0,0,0,0,0,0,0,0,0,0,0,0,0,0,0,0,0,0,0,0,0,0,0
qtool.tools.boulfal.com.qsearchtool,qtool.tools.boulfal.com.qsearchtool.SuraActivity,332,0,0,0,0,0,0,0,0,0,0,0,0,0,0,0,0,0,0,0,0,0,0,0,0,0,0,0,0,0,0,0,0,0,0,0,0,0
qtool.tools.boulfal.com.qsearchtool,qtool.tools.boulfal.com.qsearchtool.SearchResultActivity,333,0,0,0,0,0,0,0,0,0,0,0,0,0,0,0,0,0,0,0,0,0,0,0,0,0,0,0,0,0,0,0,0,0,0,0,0,0
qtool.tools.boulfal.com.qsearchtool,qtool.tools.boulfal.com.qsearchtool.DetailsActivity,334,0,0,0,0,0,0,0,0,0,0,0,0,0,0,0,0,0,0,0,0,0,0,0,0,0,0,0,0,0,0,0,0,0,0,0,0,0
qtool.tools.boulfal.com.qsearchtool,qtool.tools.boulfal.com.qsearchtool.AyaActivity,335,0,0,0,0,0,0,0,0,0,0,0,0,0,0,0,0,0,0,0,0,0,0,0,0,0,0,0,0,0,0,0,0,0,0,0,0,0
qtool.tools.boulfal.com.qsearchtool,qtool.tools.boulfal.com.qsearchtool.DividorActivity,336,0,0,0,0,0,0,0,0,0,0,0,0,0,0,0,0,0,0,0,0,0,0,0,0,0,0,0,0,0,0,0,0,0,0,0,0,0
qtool.tools.boulfal.com.qsearchtool,qtool.tools.boulfal.com.qsearchtool.AboutActivity,337,0,0,0,0,0,0,0,0,0,0,0,0,0,0,0,0,0,0,0,0,0,0,0,0,0,0,0,0,0,0,0,0,0,0,0,0,0
qtool.tools.boulfal.com.qsearchtool,qtool.tools.boulfal.com.qsearchtool.InstructionActivity,338,0,0,0,0,0,0,0,0,0,0,0,0,0,0,0,0,0,0,0,0,0,0,0,0,0,0,0,0,0,0,0,0,0,0,0,0,0
soon.giil.blazebourn,soon.giil.blazebourn.ShpbdActivity,339,0,0,0,0,0,0,0,0,0,0,0,0,0,0,0,0,0,0,0,0,0,0,0,0,0,0,0,0,0,0,0,0,0,0,0,0,0
soon.giil.blazebourn,soon.giil.blazebourn.Intro,340,0,0,0,0,1,0,0,0,0,0,0,0,0,0,0,0,0,0,0,0,0,0,0,0,0,0,0,0,0,0,0,0,0,0,0,0,0
soon.giil.blazebourn,soon.giil.blazebourn.HungryAppService,341,0,0,0,0,0,0,0,0,0,0,0,0,0,0,0,0,0,0,0,0,0,0,0,0,0,0,0,0,0,0,0,0,0,0,0,0,0
soon.giil.blazebourn,soon.giil.blazebourn.GCMIntentService,342,0,0,0,0,0,0,0,0,0,0,0,0,0,0,0,1,0,0,0,0,0,0,0,0,0,0,0,0,0,0,0,0,0,0,0,0,0
soon.giil.blazebourn,com.google.android.gcm.GCMBroadcastReceiver,343,0,0,0,0,0,0,0,0,0,0,0,0,0,0,0,0,0,0,0,0,0,0,0,0,0,0,0,0,0,0,0,0,0,0,0,0,0
soon.giil.blazebourn,com.google.android.gcm.GCMBroadcastReceiver,344,0,0,0,0,0,0,0,0,0,0,0,0,0,0,0,0,0,0,0,0,0,0,0,0,0,0,0,0,0,0,0,0,0,0,0,0,0
triv.quiz.song.JOHNNYMATHIS,triv.quiz.song.JOHNNYMATHIS.MainActivity,345,0,0,0,0,0,0,0,0,0,0,0,0,0,0,0,1,0,0,0,0,0,0,0,0,0,0,0,0,0,0,0,0,0,0,0,0,0
triv.quiz.song.JOHNNYMATHIS,com.startapp.android.publish.list3d.List3DActivity,346,0,0,0,0,0,0,0,0,0,0,0,0,0,0,0,0,0,0,0,0,0,0,0,0,0,0,0,0,0,0,0,0,0,0,0,0,0
triv.quiz.song.JOHNNYMATHIS,com.startapp.android.publish.OverlayActivity,347,0,0,0,0,0,0,0,0,0,0,0,0,0,0,0,0,0,0,0,0,0,0,0,0,0,0,0,0,0,0,0,0,0,0,0,0,0
triv.quiz.song.JOHNNYMATHIS,com.startapp.android.publish.FullScreenActivity,348,0,0,0,0,0,0,0,0,0,0,0,0,0,0,0,0,0,0,0,0,0,0,0,0,0,0,0,0,0,0,0,0,0,0,0,0,0
System,SystemService,349,0,0,0,0,0,0,0,0,0,0,0,0,0,0,0,0,0,0,0,0,0,0,0,0,0,0,0,0,0,0,0,0,0,0,0,0,0
